web_scraper_order,web_scraper_start_url,pagination,data,data2,data3,data4,data5,data6,data7,data8,data9,data10,data11,position,position2,position3,position4,image,image2,image3,item_page_title,item_page_link,image_0
"1778040184-1","https://www.theplancollection.com/collections/one-story-house-plans","","#206-1027","1474","$1195","Plan","Sq Ft","Story","Bed","Starting at","Bath","Car","","1","3","2","2","https://www.theplancollection.com/_next/image?url=https%3A%2F%2Fwww.theplancollection.com%2FUpload%2FDesigners%2F206%2F1027%2FPlan2061027MainImage_30_10_2020_18.jpg&w=1920&q=100","https://www.theplancollection.com/_next/image?url=%2FIcon_-_Flip-SVG.svg&w=48&q=75","https://www.theplancollection.com/_next/image?url=%2FIcon_-_Fav-SVG.svg&w=48&q=75","","https://www.theplancollection.com/house-plans/plan-1474-square-feet-3-bedroom-2-bathroom-contemporary-style-32155","https://www.theplancollection.com/_next/image?url=https%3A%2F%2Fwww.theplancollection.com%2FUpload%2FDesigners%2F206%2F1027%2FPlan2061027Image_30_10_2020_1835_22.jpg&w=1920&q=100
https://www.theplancollection.com/_next/image?url=https%3A%2F%2Fwww.theplancollection.com%2FUpload%2FDesigners%2F206%2F1027%2FPlan2061027Image_11_5_2021_1248_10.jpg&w=1920&q=100"
"1778040188-2","https://www.theplancollection.com/collections/one-story-house-plans","","#142-1222","1850","$1445","Plan","Sq Ft","Story","Bed","Starting at","Bath","Car","","1","4","2","2","https://www.theplancollection.com/_next/image?url=https%3A%2F%2Fwww.theplancollection.com%2FUpload%2FDesigners%2F142%2F1222%2FPlan1421222MainImage_6_11_2019_9.jpg&w=1920&q=100","https://www.theplancollection.com/_next/image?url=%2FIcon_-_Flip-SVG.svg&w=48&q=75","https://www.theplancollection.com/_next/image?url=%2FIcon_-_Fav-SVG.svg&w=48&q=75","","https://www.theplancollection.com/house-plans/home-plan-31612","https://www.theplancollection.com/_next/image?url=https%3A%2F%2Fwww.theplancollection.com%2FUpload%2FDesigners%2F142%2F1222%2FPlan1421222Image_6_11_2019_914_19.jpg&w=1920&q=100"
"1778040191-3","https://www.theplancollection.com/collections/one-story-house-plans","","#142-1177","2073","$1445","Plan","Sq Ft","Story","Bed","Starting at","Bath","Car","","1","3","2","2","https://www.theplancollection.com/_next/image?url=https%3A%2F%2Fwww.theplancollection.com%2FUpload%2FDesigners%2F142%2F1177%2FPlan1421177MainImage_6_12_2016_10.jpg&w=1920&q=100","https://www.theplancollection.com/_next/image?url=%2FIcon_-_Flip-SVG.svg&w=48&q=75","https://www.theplancollection.com/_next/image?url=%2FIcon_-_Fav-SVG.svg&w=48&q=75","","https://www.theplancollection.com/house-plans/home-plan-29415","https://www.theplancollection.com/_next/image?url=https%3A%2F%2Fwww.theplancollection.com%2FUpload%2FDesigners%2F142%2F1177%2FPlan1421177Image_6_12_2016_1038_58.jpg&w=1920&q=100
https://www.theplancollection.com/_next/image?url=https%3A%2F%2Fwww.theplancollection.com%2FUpload%2FDesigners%2F142%2F1177%2FPlan1421177Image_9_10_2018_1049_26.jpg&w=1920&q=100
https://www.theplancollection.com/_next/image?url=https%3A%2F%2Fwww.theplancollection.com%2FUpload%2FDesigners%2F142%2F1177%2FPlan1421177Image_6_12_2016_1039_40.jpg&w=1920&q=100"
"1778040195-4","https://www.theplancollection.com/collections/one-story-house-plans","","#142-1067","1675","$1395","Plan","Sq Ft","Story","Bed","Starting at","Bath","Car","","1","3","2","2","https://www.theplancollection.com/_next/image?url=https%3A%2F%2Fwww.theplancollection.com%2FUpload%2FDesigners%2F142%2F1067%2FPlan1421067MainImage_2_12_2014_20.jpg&w=1920&q=100","https://www.theplancollection.com/_next/image?url=%2FIcon_-_Flip-SVG.svg&w=48&q=75","https://www.theplancollection.com/_next/image?url=%2FIcon_-_Fav-SVG.svg&w=48&q=75","","https://www.theplancollection.com/house-plans/home-plan-26579","https://www.theplancollection.com/_next/image?url=https%3A%2F%2Fwww.theplancollection.com%2FUpload%2FDesigners%2F142%2F1067%2FPlan1421067Image_2_12_2014_2018_30.jpg&w=1920&q=100
https://www.theplancollection.com/_next/image?url=https%3A%2F%2Fwww.theplancollection.com%2FUpload%2FDesigners%2F142%2F1067%2FPlan1421067Image_28_11_2016_835_45.jpg&w=1920&q=100"
"1778040199-5","https://www.theplancollection.com/collections/one-story-house-plans","","#206-1030","2300","$1295","Plan","Sq Ft","Story","Bed","Starting at","Bath","Car",".5","1","4","2","3","https://www.theplancollection.com/_next/image?url=https%3A%2F%2Fwww.theplancollection.com%2FUpload%2FDesigners%2F206%2F1030%2FPlan2061030MainImage_16_11_2020_9.jpg&w=1920&q=100","https://www.theplancollection.com/_next/image?url=%2FIcon_-_Flip-SVG.svg&w=48&q=75","https://www.theplancollection.com/_next/image?url=%2FIcon_-_Fav-SVG.svg&w=48&q=75","","https://www.theplancollection.com/house-plans/plan-2300-square-feet-4-bedroom-2-5-bathroom-ranch-style-32190","https://www.theplancollection.com/_next/image?url=https%3A%2F%2Fwww.theplancollection.com%2FUpload%2FDesigners%2F206%2F1030%2FPlan2061030Image_16_11_2020_950_48.jpg&w=1920&q=100
https://www.theplancollection.com/_next/image?url=https%3A%2F%2Fwww.theplancollection.com%2FUpload%2FDesigners%2F206%2F1030%2FPlan2061030Image_7_6_2021_172_26.jpg&w=1920&q=100
https://www.theplancollection.com/_next/image?url=https%3A%2F%2Fwww.theplancollection.com%2FUpload%2FDesigners%2F206%2F1030%2FPlan2061030Image_7_6_2021_173_34.jpg&w=1920&q=100"
"1778040203-6","https://www.theplancollection.com/collections/one-story-house-plans","","#142-1209","2854","$1495","Plan","Sq Ft","Story","Bed","Starting at","Bath","Car","","1","3","2","3","https://www.theplancollection.com/_next/image?url=https%3A%2F%2Fwww.theplancollection.com%2FUpload%2FDesigners%2F142%2F1209%2FPlan1421209MainImage_24_4_2019_2.jpg&w=1920&q=100","https://www.theplancollection.com/_next/image?url=%2FIcon_-_Flip-SVG.svg&w=48&q=75","https://www.theplancollection.com/_next/image?url=%2FIcon_-_Fav-SVG.svg&w=48&q=75","","https://www.theplancollection.com/house-plans/home-plan-31228","https://www.theplancollection.com/_next/image?url=https%3A%2F%2Fwww.theplancollection.com%2FUpload%2FDesigners%2F142%2F1209%2FPlan1421209Image_24_4_2019_257_16.jpg&w=1920&q=100
https://www.theplancollection.com/_next/image?url=https%3A%2F%2Fwww.theplancollection.com%2FUpload%2FDesigners%2F142%2F1209%2FPlan1421209Image_21_10_2019_1212_45.jpg&w=1920&q=100
https://www.theplancollection.com/_next/image?url=https%3A%2F%2Fwww.theplancollection.com%2FUpload%2FDesigners%2F142%2F1209%2FPlan1421209Image_24_4_2019_256_50.jpg&w=1920&q=100"
"1778040206-7","https://www.theplancollection.com/collections/one-story-house-plans","","#123-1117","1120","$990","Plan","Sq Ft","Story","Bed","Starting at","Bath","Car","","1","2","2","0","https://www.theplancollection.com/_next/image?url=https%3A%2F%2Fwww.theplancollection.com%2FUpload%2FDesigners%2F123%2F1117%2FPlan1231117MainImage_13_5_2025_10.png&w=1920&q=100","https://www.theplancollection.com/_next/image?url=%2FIcon_-_Flip-SVG.svg&w=48&q=75","https://www.theplancollection.com/_next/image?url=%2FIcon_-_Fav-SVG.svg&w=48&q=75","","https://www.theplancollection.com/house-plans/plan-1120-square-feet-2-bedroom-2-bathroom-ranch-style-32491","https://www.theplancollection.com/_next/image?url=https%3A%2F%2Fwww.theplancollection.com%2FUpload%2FDesigners%2F123%2F1117%2FPlan1231117Image_6_2_2021_110_6.jpg&w=1920&q=100"
"1778040210-8","https://www.theplancollection.com/collections/one-story-house-plans","","#198-1024","2045","$1495","Plan","Sq Ft","Story","Bed","Starting at","Bath","Car",".5","1","3","2","2","https://www.theplancollection.com/_next/image?url=https%3A%2F%2Fwww.theplancollection.com%2FUpload%2FDesigners%2F198%2F1024%2FPlan1981024MainImage_2_5_2018_1.jpg&w=1920&q=100","https://www.theplancollection.com/_next/image?url=%2FIcon_-_Flip-SVG.svg&w=48&q=75","https://www.theplancollection.com/_next/image?url=%2FIcon_-_Fav-SVG.svg&w=48&q=75","","https://www.theplancollection.com/house-plans/home-plan-30766","https://www.theplancollection.com/_next/image?url=https%3A%2F%2Fwww.theplancollection.com%2FUpload%2FDesigners%2F198%2F1024%2FPlan1981024Image_29_5_2019_1029_51.jpg&w=1920&q=100"
"1778040213-9","https://www.theplancollection.com/collections/one-story-house-plans","","#142-1484","1260","$1345","Plan","Sq Ft","Story","Bed","Starting at","Bath","Car","","1","2","2","2","https://www.theplancollection.com/_next/image?url=https%3A%2F%2Fwww.theplancollection.com%2FUpload%2FDesigners%2F142%2F1484%2FPlan1421484MainImage_22_12_2023_10.jpg&w=1920&q=100","https://www.theplancollection.com/_next/image?url=%2FIcon_-_Flip-SVG.svg&w=48&q=75","https://www.theplancollection.com/_next/image?url=%2FIcon_-_Fav-SVG.svg&w=48&q=75","","https://www.theplancollection.com/house-plans/plan-1260-square-feet-2-bedroom-2-bathroom-barndominium-style-33717","https://www.theplancollection.com/_next/image?url=https%3A%2F%2Fwww.theplancollection.com%2FUpload%2FDesigners%2F142%2F1484%2FPlan1421484Image_22_12_2023_1036_54.jpg&w=1920&q=100
https://www.theplancollection.com/_next/image?url=https%3A%2F%2Fwww.theplancollection.com%2FUpload%2FDesigners%2F142%2F1484%2FPlan1421484Image_17_9_2024_1446_44.jpg&w=1920&q=100"
"1778040216-10","https://www.theplancollection.com/collections/one-story-house-plans","","#142-1253","2974","$1495","Plan","Sq Ft","Story","Bed","Starting at","Bath","Car",".5","1","3","3","3","https://www.theplancollection.com/_next/image?url=https%3A%2F%2Fwww.theplancollection.com%2FUpload%2FDesigners%2F142%2F1253%2FPlan1421253MainImage_29_1_2021_7.jpg&w=1920&q=100","https://www.theplancollection.com/_next/image?url=%2FIcon_-_Flip-SVG.svg&w=48&q=75","https://www.theplancollection.com/_next/image?url=%2FIcon_-_Fav-SVG.svg&w=48&q=75","","https://www.theplancollection.com/house-plans/plan-2974-square-feet-3-bedroom-3-5-bathroom-ranch-style-32446","https://www.theplancollection.com/_next/image?url=https%3A%2F%2Fwww.theplancollection.com%2FUpload%2FDesigners%2F142%2F1253%2FPlan1421253Image_29_1_2021_728_19.jpg&w=1920&q=100
https://www.theplancollection.com/_next/image?url=https%3A%2F%2Fwww.theplancollection.com%2FUpload%2FDesigners%2F142%2F1253%2FPlan1421253Image_29_1_2021_731_35.jpg&w=1920&q=100"
"1778040220-11","https://www.theplancollection.com/collections/one-story-house-plans","","#142-1264","1493","$1345","Plan","Sq Ft","Story","Bed","Starting at","Bath","Car","","1","3","2","2","https://www.theplancollection.com/_next/image?url=https%3A%2F%2Fwww.theplancollection.com%2FUpload%2FDesigners%2F142%2F1264%2FPlan1421264MainImage_13_5_2021_0.jpg&w=1920&q=100","https://www.theplancollection.com/_next/image?url=%2FIcon_-_Flip-SVG.svg&w=48&q=75","https://www.theplancollection.com/_next/image?url=%2FIcon_-_Fav-SVG.svg&w=48&q=75","","https://www.theplancollection.com/house-plans/plan-1493-square-feet-3-bedroom-2-bathroom-ranch-style-32548","https://www.theplancollection.com/_next/image?url=https%3A%2F%2Fwww.theplancollection.com%2FUpload%2FDesigners%2F142%2F1264%2FPlan1421264Image_13_5_2021_035_51.jpg&w=1920&q=100
https://www.theplancollection.com/_next/image?url=https%3A%2F%2Fwww.theplancollection.com%2FUpload%2FDesigners%2F142%2F1264%2FPlan1421264Image_13_5_2021_032_17.jpg&w=1920&q=100"
"1778040223-12","https://www.theplancollection.com/collections/one-story-house-plans","","#153-1095","3766","$1850","Plan","Sq Ft","Story","Bed","Starting at","Bath","Car","","1","4","4","3","https://www.theplancollection.com/_next/image?url=https%3A%2F%2Fwww.theplancollection.com%2FUpload%2FDesigners%2F153%2F1095%2FPlan1531095MainImage_12_12_2025_11.png&w=1920&q=100","https://www.theplancollection.com/_next/image?url=%2FIcon_-_Flip-SVG.svg&w=48&q=75","https://www.theplancollection.com/_next/image?url=%2FIcon_-_Fav-SVG.svg&w=48&q=75","","https://www.theplancollection.com/house-plans/home-plan-26111","https://www.theplancollection.com/_next/image?url=https%3A%2F%2Fwww.theplancollection.com%2FUpload%2FDesigners%2F153%2F1095%2FPlan1531095Image_18_6_2019_1559_31.jpg&w=1920&q=100
https://www.theplancollection.com/_next/image?url=https%3A%2F%2Fwww.theplancollection.com%2FUpload%2FDesigners%2F153%2F1095%2FPlan1531095Image_21_6_2019_1556_21.jpg&w=1920&q=100"
"1778040227-13","https://www.theplancollection.com/collections/one-story-house-plans","","#142-1433","1498","$1345","Plan","Sq Ft","Story","Bed","Starting at","Bath","Car","","1","3","2","3","https://www.theplancollection.com/_next/image?url=https%3A%2F%2Fwww.theplancollection.com%2FUpload%2FDesigners%2F142%2F1433%2FPlan1421433MainImage_28_7_2022_9.jpg&w=1920&q=100","https://www.theplancollection.com/_next/image?url=%2FIcon_-_Flip-SVG.svg&w=48&q=75","https://www.theplancollection.com/_next/image?url=%2FIcon_-_Fav-SVG.svg&w=48&q=75","","https://www.theplancollection.com/house-plans/plan-1498-square-feet-3-bedroom-2-bathroom-ranch-style-33064","https://www.theplancollection.com/_next/image?url=https%3A%2F%2Fwww.theplancollection.com%2FUpload%2FDesigners%2F142%2F1433%2FPlan1421433Image_18_8_2023_1147_43.jpg&w=1920&q=100
https://www.theplancollection.com/_next/image?url=https%3A%2F%2Fwww.theplancollection.com%2FUpload%2FDesigners%2F142%2F1433%2FPlan1421433Image_28_7_2022_957_19.jpg&w=1920&q=100"
"1778040230-14","https://www.theplancollection.com/collections/one-story-house-plans","","#142-1041","1300","$1345","Plan","Sq Ft","Story","Bed","Starting at","Bath","Car","","1","3","2","2","https://www.theplancollection.com/_next/image?url=https%3A%2F%2Fwww.theplancollection.com%2FUpload%2FDesigners%2F142%2F1041%2FPlan1421041MainImage_27_1_2026_11.jpg&w=1920&q=100","https://www.theplancollection.com/_next/image?url=%2FIcon_-_Flip-SVG.svg&w=48&q=75","https://www.theplancollection.com/_next/image?url=%2FIcon_-_Fav-SVG.svg&w=48&q=75","","https://www.theplancollection.com/house-plans/home-plan-26336","https://www.theplancollection.com/_next/image?url=https%3A%2F%2Fwww.theplancollection.com%2FUpload%2FDesigners%2F142%2F1041%2FPlan1421041Image_21_11_2013_1446_49.jpg&w=1920&q=100
https://www.theplancollection.com/_next/image?url=https%3A%2F%2Fwww.theplancollection.com%2FUpload%2FDesigners%2F142%2F1041%2FPlan1421041Image_18_3_2016_1529_35.jpg&w=1920&q=100"
"1778040234-15","https://www.theplancollection.com/collections/one-story-house-plans","","#178-1345","395","$680","Plan","Sq Ft","Story","Bed","Starting at","Bath","Car","","1","1","1","0","https://www.theplancollection.com/_next/image?url=https%3A%2F%2Fwww.theplancollection.com%2FUpload%2FDesigners%2F178%2F1345%2FPlan1781345MainImage_20_9_2016_0.jpg&w=1920&q=100","https://www.theplancollection.com/_next/image?url=%2FIcon_-_Flip-SVG.svg&w=48&q=75","https://www.theplancollection.com/_next/image?url=%2FIcon_-_Fav-SVG.svg&w=48&q=75","","https://www.theplancollection.com/house-plans/home-plan-29119","https://www.theplancollection.com/_next/image?url=https%3A%2F%2Fwww.theplancollection.com%2FUpload%2FDesigners%2F178%2F1345%2FPlan1781345Image_31_8_2022_1126_56.jpg&w=1920&q=100"
"1778040237-16","https://www.theplancollection.com/collections/one-story-house-plans","","#211-1001","967","$900","Plan","Sq Ft","Story","Bed","Starting at","Bath","Car","","1","3","2","0","https://www.theplancollection.com/_next/image?url=https%3A%2F%2Fwww.theplancollection.com%2FUpload%2FDesigners%2F211%2F1001%2FPlan2111001MainImage_22_12_2023_12.jpg&w=1920&q=100","https://www.theplancollection.com/_next/image?url=%2FIcon_-_Flip-SVG.svg&w=48&q=75","https://www.theplancollection.com/_next/image?url=%2FIcon_-_Fav-SVG.svg&w=48&q=75","","https://www.theplancollection.com/house-plans/plan-967-square-feet-3-bedroom-2-bathroom-ranch-style-31683","https://www.theplancollection.com/_next/image?url=https%3A%2F%2Fwww.theplancollection.com%2FUpload%2FDesigners%2F211%2F1001%2FPlan2111001Image_22_11_2019_115_52.jpg&w=1920&q=100"
"1778040240-17","https://www.theplancollection.com/collections/one-story-house-plans","","#177-1057","928","$1195","Plan","Sq Ft","Story","Bed","Starting at","Bath","Car","","1","2","2","2","https://www.theplancollection.com/_next/image?url=https%3A%2F%2Fwww.theplancollection.com%2FUpload%2FDesigners%2F177%2F1057%2FPlan1771057MainImage_10_7_2020_16.jpg&w=1920&q=100","https://www.theplancollection.com/_next/image?url=%2FIcon_-_Flip-SVG.svg&w=48&q=75","https://www.theplancollection.com/_next/image?url=%2FIcon_-_Fav-SVG.svg&w=48&q=75","","https://www.theplancollection.com/house-plans/home-plan-32015","https://www.theplancollection.com/_next/image?url=https%3A%2F%2Fwww.theplancollection.com%2FUpload%2FDesigners%2F177%2F1057%2FPlan1771057Image_12_3_2024_1247_47.jpg&w=1920&q=100
https://www.theplancollection.com/_next/image?url=https%3A%2F%2Fwww.theplancollection.com%2FUpload%2FDesigners%2F177%2F1057%2FPlan1771057Image_12_3_2024_1248_10.jpg&w=1920&q=100"
"1778040244-18","https://www.theplancollection.com/collections/one-story-house-plans","","#198-1015","3773","$2795","Plan","Sq Ft","Story","Bed","Starting at","Bath","Car","","1","4","4","3","https://www.theplancollection.com/_next/image?url=https%3A%2F%2Fwww.theplancollection.com%2FUpload%2FDesigners%2F198%2F1015%2FPlan1981015MainImage_16_3_2018_15.jpg&w=1920&q=100","https://www.theplancollection.com/_next/image?url=%2FIcon_-_Flip-SVG.svg&w=48&q=75","https://www.theplancollection.com/_next/image?url=%2FIcon_-_Fav-SVG.svg&w=48&q=75","","https://www.theplancollection.com/house-plans/home-plan-30606","https://www.theplancollection.com/_next/image?url=https%3A%2F%2Fwww.theplancollection.com%2FUpload%2FDesigners%2F198%2F1015%2FPlan1981015Image_21_10_2019_1531_50.jpg&w=1920&q=100
https://www.theplancollection.com/_next/image?url=https%3A%2F%2Fwww.theplancollection.com%2FUpload%2FDesigners%2F198%2F1015%2FPlan1981015Image_21_10_2019_1532_45.jpg&w=1920&q=100"
"1778040247-19","https://www.theplancollection.com/collections/one-story-house-plans","","#117-1092","2091","$1295","Plan","Sq Ft","Story","Bed","Starting at","Bath","Car",".5","1","3","2","2","https://www.theplancollection.com/_next/image?url=https%3A%2F%2Fwww.theplancollection.com%2FUpload%2FDesigners%2F117%2F1092%2FPlan1171092MainImage_13_2_2026_12.jpg&w=1920&q=100","https://www.theplancollection.com/_next/image?url=%2FIcon_-_Flip-SVG.svg&w=48&q=75","https://www.theplancollection.com/_next/image?url=%2FIcon_-_Fav-SVG.svg&w=48&q=75","","https://www.theplancollection.com/house-plans/home-plan-26269","https://www.theplancollection.com/_next/image?url=https%3A%2F%2Fwww.theplancollection.com%2FUpload%2FDesigners%2F117%2F1092%2FPlan1171092Image_4_2_2013_629_4.jpg&w=1920&q=100
https://www.theplancollection.com/_next/image?url=https%3A%2F%2Fwww.theplancollection.com%2FUpload%2FDesigners%2F117%2F1092%2FPlan1171092Image_21_10_2019_159_50.jpg&w=1920&q=100
https://www.theplancollection.com/_next/image?url=https%3A%2F%2Fwww.theplancollection.com%2FUpload%2FDesigners%2F117%2F1092%2FPlan1171092Image_4_2_2013_629_47.jpg&w=1920&q=100
https://www.theplancollection.com/_next/image?url=https%3A%2F%2Fwww.theplancollection.com%2FUpload%2FDesigners%2F117%2F1092%2FPlan1171092Image_12_7_2018_944_41.jpg&w=1920&q=100
https://www.theplancollection.com/_next/image?url=https%3A%2F%2Fwww.theplancollection.com%2FUpload%2FDesigners%2F117%2F1092%2FPlan1171092Image_16_5_2014_534_59.jpg&w=1920&q=100
https://www.theplancollection.com/_next/image?url=https%3A%2F%2Fwww.theplancollection.com%2FUpload%2FDesigners%2F117%2F1092%2FPlan1171092Image_16_5_2014_536_37.jpg&w=1920&q=100"
"1778040251-20","https://www.theplancollection.com/collections/one-story-house-plans","","#123-1112","1611","$1120","Plan","Sq Ft","Story","Bed","Starting at","Bath","Car","","1","3","2","2","https://www.theplancollection.com/_next/image?url=https%3A%2F%2Fwww.theplancollection.com%2FUpload%2FDesigners%2F123%2F1112%2FPlan1231112MainImage_10_3_2025_13.png&w=1920&q=100","https://www.theplancollection.com/_next/image?url=%2FIcon_-_Flip-SVG.svg&w=48&q=75","https://www.theplancollection.com/_next/image?url=%2FIcon_-_Fav-SVG.svg&w=48&q=75","","https://www.theplancollection.com/house-plans/home-plan-31546","https://www.theplancollection.com/_next/image?url=https%3A%2F%2Fwww.theplancollection.com%2FUpload%2FDesigners%2F123%2F1112%2FPlan1231112Image_14_5_2020_833_3.jpg&w=1920&q=100"
"1778040255-21","https://www.theplancollection.com/collections/one-story-house-plans","","#142-1227","1817","$1395","Plan","Sq Ft","Story","Bed","Starting at","Bath","Car","","1","3","2","2","https://www.theplancollection.com/_next/image?url=https%3A%2F%2Fwww.theplancollection.com%2FUpload%2FDesigners%2F142%2F1227%2FPlan1421227MainImage_7_1_2020_3.jpg&w=1920&q=100","https://www.theplancollection.com/_next/image?url=%2FIcon_-_Flip-SVG.svg&w=48&q=75","https://www.theplancollection.com/_next/image?url=%2FIcon_-_Fav-SVG.svg&w=48&q=75","","https://www.theplancollection.com/house-plans/plan-1817-square-feet-3-bedroom-2-bathroom-european-style-31769","https://www.theplancollection.com/_next/image?url=https%3A%2F%2Fwww.theplancollection.com%2FUpload%2FDesigners%2F142%2F1227%2FPlan1421227Image_7_1_2020_332_30.jpg&w=1920&q=100
https://www.theplancollection.com/_next/image?url=https%3A%2F%2Fwww.theplancollection.com%2FUpload%2FDesigners%2F142%2F1227%2FPlan1421227Image_26_10_2021_1947_40.jpg&w=1920&q=100"
"1778040258-22","https://www.theplancollection.com/collections/one-story-house-plans","","#142-1236","1257","$1345","Plan","Sq Ft","Story","Bed","Starting at","Bath","Car","","1","2","2","0","https://www.theplancollection.com/_next/image?url=https%3A%2F%2Fwww.theplancollection.com%2FUpload%2FDesigners%2F142%2F1236%2FPlan1421236MainImage_15_4_2020_22.jpg&w=1920&q=100","https://www.theplancollection.com/_next/image?url=%2FIcon_-_Flip-SVG.svg&w=48&q=75","https://www.theplancollection.com/_next/image?url=%2FIcon_-_Fav-SVG.svg&w=48&q=75","","https://www.theplancollection.com/house-plans/home-plan-31846","https://www.theplancollection.com/_next/image?url=https%3A%2F%2Fwww.theplancollection.com%2FUpload%2FDesigners%2F142%2F1236%2FPlan1421236Image_15_4_2020_2235_39.jpg&w=1920&q=100"
"1778040262-23","https://www.theplancollection.com/collections/one-story-house-plans","","#177-1054","624","$1195","Plan","Sq Ft","Story","Bed","Starting at","Bath","Car","","1","1","1","0","https://www.theplancollection.com/_next/image?url=https%3A%2F%2Fwww.theplancollection.com%2FUpload%2FDesigners%2F177%2F1054%2FPlan1771054MainImage_24_8_2021_14.jpg&w=1920&q=100","https://www.theplancollection.com/_next/image?url=%2FIcon_-_Flip-SVG.svg&w=48&q=75","https://www.theplancollection.com/_next/image?url=%2FIcon_-_Fav-SVG.svg&w=48&q=75","","https://www.theplancollection.com/house-plans/plan-624-square-feet-1-bedroom-1-bathroom-ranch-style-31764","https://www.theplancollection.com/_next/image?url=https%3A%2F%2Fwww.theplancollection.com%2FUpload%2FDesigners%2F177%2F1054%2FPlan1771054Image_29_12_2019_2249_54.jpg&w=1920&q=100"
"1778040266-24","https://www.theplancollection.com/collections/one-story-house-plans","","#141-1023","2000","$1400","Plan","Sq Ft","Story","Bed","Starting at","Bath","Car",".5","1","3","2","2","https://www.theplancollection.com/_next/image?url=https%3A%2F%2Fwww.theplancollection.com%2FUpload%2FDesigners%2F141%2F1023%2FPlan1411023MainImage_13_2_2018_14.jpg&w=1920&q=100","https://www.theplancollection.com/_next/image?url=%2FIcon_-_Flip-SVG.svg&w=48&q=75","https://www.theplancollection.com/_next/image?url=%2FIcon_-_Fav-SVG.svg&w=48&q=75","","https://www.theplancollection.com/house-plans/home-plan-16284","https://www.theplancollection.com/_next/image?url=https%3A%2F%2Fwww.theplancollection.com%2FUpload%2FDesigners%2F141%2F1023%2FPlan1411023Image_13_2_2018_1441_12.jpg&w=1920&q=100
https://www.theplancollection.com/_next/image?url=https%3A%2F%2Fwww.theplancollection.com%2FUpload%2FDesigners%2F141%2F1023%2FPlan1411023Image_13_2_2018_1441_29.jpg&w=1920&q=100"
"1778040269-25","https://www.theplancollection.com/collections/one-story-house-plans","","#142-1230","1706","$1395","Plan","Sq Ft","Story","Bed","Starting at","Bath","Car","","1","3","2","2","https://www.theplancollection.com/_next/image?url=https%3A%2F%2Fwww.theplancollection.com%2FUpload%2FDesigners%2F142%2F1230%2FPlan1421230MainImage_7_2_2020_3.jpg&w=1920&q=100","https://www.theplancollection.com/_next/image?url=%2FIcon_-_Flip-SVG.svg&w=48&q=75","https://www.theplancollection.com/_next/image?url=%2FIcon_-_Fav-SVG.svg&w=48&q=75","","https://www.theplancollection.com/house-plans/home-plan-31790","https://www.theplancollection.com/_next/image?url=https%3A%2F%2Fwww.theplancollection.com%2FUpload%2FDesigners%2F142%2F1230%2FPlan1421230Image_9_12_2020_841_32.jpg&w=1920&q=100
https://www.theplancollection.com/_next/image?url=https%3A%2F%2Fwww.theplancollection.com%2FUpload%2FDesigners%2F142%2F1230%2FPlan1421230Image_9_12_2020_842_11.jpg&w=1920&q=100"
"1778040272-26","https://www.theplancollection.com/collections/one-story-house-plans","","#177-1056","1024","$1195","Plan","Sq Ft","Story","Bed","Starting at","Bath","Car",".5","1","1","1","0","https://www.theplancollection.com/_next/image?url=https%3A%2F%2Fwww.theplancollection.com%2FUpload%2FDesigners%2F177%2F1056%2FPlan1771056MainImage_22_1_2024_14.jpg&w=1920&q=100","https://www.theplancollection.com/_next/image?url=%2FIcon_-_Flip-SVG.svg&w=48&q=75","https://www.theplancollection.com/_next/image?url=%2FIcon_-_Fav-SVG.svg&w=48&q=75","","https://www.theplancollection.com/house-plans/home-plan-32014","https://www.theplancollection.com/_next/image?url=https%3A%2F%2Fwww.theplancollection.com%2FUpload%2FDesigners%2F177%2F1056%2FPlan1771056Image_22_1_2024_142_53.jpg&w=1920&q=100
https://www.theplancollection.com/_next/image?url=https%3A%2F%2Fwww.theplancollection.com%2FUpload%2FDesigners%2F177%2F1056%2FPlan1771056Image_22_1_2024_143_18.jpg&w=1920&q=100
https://www.theplancollection.com/_next/image?url=https%3A%2F%2Fwww.theplancollection.com%2FUpload%2FDesigners%2F177%2F1056%2FPlan1771056Image_18_12_2024_1246_34.jpg&w=1920&q=100"
"1778040275-27","https://www.theplancollection.com/collections/one-story-house-plans","","#142-1470","2000","$1445","Plan","Sq Ft","Story","Bed","Starting at","Bath","Car",".5","1","3","2","2","https://www.theplancollection.com/_next/image?url=https%3A%2F%2Fwww.theplancollection.com%2FUpload%2FDesigners%2F142%2F1470%2FPlan1421470MainImage_27_7_2023_14.jpg&w=1920&q=100","https://www.theplancollection.com/_next/image?url=%2FIcon_-_Flip-SVG.svg&w=48&q=75","https://www.theplancollection.com/_next/image?url=%2FIcon_-_Fav-SVG.svg&w=48&q=75","","https://www.theplancollection.com/house-plans/plan-2000-square-feet-3-bedroom-2-5-bathroom-barndominium-style-33494","https://www.theplancollection.com/_next/image?url=https%3A%2F%2Fwww.theplancollection.com%2FUpload%2FDesigners%2F142%2F1470%2FPlan1421470Image_27_7_2023_1436_28.jpg&w=1920&q=100
https://www.theplancollection.com/_next/image?url=https%3A%2F%2Fwww.theplancollection.com%2FUpload%2FDesigners%2F142%2F1470%2FPlan1421470Image_18_10_2023_1421_10.jpg&w=1920&q=100"
"1778040279-28","https://www.theplancollection.com/collections/one-story-house-plans","","#206-1049","1676","$1245","Plan","Sq Ft","Story","Bed","Starting at","Bath","Car","","1","3","2","2","https://www.theplancollection.com/_next/image?url=https%3A%2F%2Fwww.theplancollection.com%2FUpload%2FDesigners%2F206%2F1049%2FPlan2061049MainImage_26_5_2021_11.jpg&w=1920&q=100","https://www.theplancollection.com/_next/image?url=%2FIcon_-_Flip-SVG.svg&w=48&q=75","https://www.theplancollection.com/_next/image?url=%2FIcon_-_Fav-SVG.svg&w=48&q=75","","https://www.theplancollection.com/house-plans/plan-1676-square-feet-3-bedroom-2-bathroom-modern-farmhouse-style-32577","https://www.theplancollection.com/_next/image?url=https%3A%2F%2Fwww.theplancollection.com%2FUpload%2FDesigners%2F206%2F1049%2FPlan2061049Image_26_5_2021_1157_55.jpg&w=1920&q=100"
"1778040282-29","https://www.theplancollection.com/collections/one-story-house-plans","","#178-1175","1260","$1045","Plan","Sq Ft","Story","Bed","Starting at","Bath","Car","","1","3","2","2","https://www.theplancollection.com/_next/image?url=https%3A%2F%2Fwww.theplancollection.com%2FUpload%2FDesigners%2F178%2F1175%2FPlan1781175MainImage_18_7_2016_14.jpg&w=1920&q=100","https://www.theplancollection.com/_next/image?url=%2FIcon_-_Flip-SVG.svg&w=48&q=75","https://www.theplancollection.com/_next/image?url=%2FIcon_-_Fav-SVG.svg&w=48&q=75","","https://www.theplancollection.com/house-plans/plan-1260-square-feet-3-bedroom-2-bathroom-country-style-11731","https://www.theplancollection.com/_next/image?url=https%3A%2F%2Fwww.theplancollection.com%2FUpload%2FDesigners%2F178%2F1175%2F178-1175%20FIRST%20FLOOR%20PLAN.jpg&w=1920&q=100"
"1778040286-30","https://www.theplancollection.com/collections/one-story-house-plans","","#142-1266","2243","$1445","Plan","Sq Ft","Story","Bed","Starting at","Bath","Car",".5","1","3","2","2","https://www.theplancollection.com/_next/image?url=https%3A%2F%2Fwww.theplancollection.com%2FUpload%2FDesigners%2F142%2F1266%2FPlan1421266MainImage_12_6_2021_3.jpg&w=1920&q=100","https://www.theplancollection.com/_next/image?url=%2FIcon_-_Flip-SVG.svg&w=48&q=75","https://www.theplancollection.com/_next/image?url=%2FIcon_-_Fav-SVG.svg&w=48&q=75","","https://www.theplancollection.com/house-plans/plan-2243-square-feet-3-bedroom-2-5-bathroom-ranch-style-32579","https://www.theplancollection.com/_next/image?url=https%3A%2F%2Fwww.theplancollection.com%2FUpload%2FDesigners%2F142%2F1266%2FPlan1421266Image_12_6_2021_326_45.jpg&w=1920&q=100
https://www.theplancollection.com/_next/image?url=https%3A%2F%2Fwww.theplancollection.com%2FUpload%2FDesigners%2F142%2F1266%2FPlan1421266Image_12_6_2021_323_38.jpg&w=1920&q=100"
"1778040289-31","https://www.theplancollection.com/collections/one-story-house-plans","","#123-1102","1320","$990","Plan","Sq Ft","Story","Bed","Starting at","Bath","Car","","1","3","2","0","https://www.theplancollection.com/_next/image?url=https%3A%2F%2Fwww.theplancollection.com%2FUpload%2FDesigners%2F123%2F1102%2FPlan1231102MainImage_10_7_2019_20.jpg&w=1920&q=100","https://www.theplancollection.com/_next/image?url=%2FIcon_-_Flip-SVG.svg&w=48&q=75","https://www.theplancollection.com/_next/image?url=%2FIcon_-_Fav-SVG.svg&w=48&q=75","","https://www.theplancollection.com/house-plans/plan-1320-square-feet-3-bedroom-2-bathroom-ranch-style-31434","https://www.theplancollection.com/_next/image?url=https%3A%2F%2Fwww.theplancollection.com%2FUpload%2FDesigners%2F123%2F1102%2FPlan1231102Image_10_7_2019_2034_38.jpg&w=1920&q=100"
"1778040293-32","https://www.theplancollection.com/collections/one-story-house-plans","","#120-2545","1763","$1255","Plan","Sq Ft","Story","Bed","Starting at","Bath","Car",".5","1","3","2","3","https://www.theplancollection.com/_next/image?url=https%3A%2F%2Fwww.theplancollection.com%2FUpload%2FDesigners%2F120%2F2545%2FPlan1202545MainImage_14_3_2018_8.jpg&w=1920&q=100","https://www.theplancollection.com/_next/image?url=%2FIcon_-_Flip-SVG.svg&w=48&q=75","https://www.theplancollection.com/_next/image?url=%2FIcon_-_Fav-SVG.svg&w=48&q=75","","https://www.theplancollection.com/house-plans/plan-1763-square-feet-3-bedroom-2-5-bathroom-country-style-30669","https://www.theplancollection.com/_next/image?url=https%3A%2F%2Fwww.theplancollection.com%2FUpload%2FDesigners%2F120%2F2545%2FPlan1202545Image_14_3_2018_90_3.jpg&w=1920&q=100"
"1778040297-33","https://www.theplancollection.com/collections/one-story-house-plans","","#161-1134","3063","$1950","Plan","Sq Ft","Story","Bed","Starting at","Bath","Car",".5","1","3","2","3","https://www.theplancollection.com/_next/image?url=https%3A%2F%2Fwww.theplancollection.com%2FUpload%2FDesigners%2F161%2F1134%2FPlan1611134MainImage_25_9_2020_9.jpg&w=1920&q=100","https://www.theplancollection.com/_next/image?url=%2FIcon_-_Flip-SVG.svg&w=48&q=75","https://www.theplancollection.com/_next/image?url=%2FIcon_-_Fav-SVG.svg&w=48&q=75","","https://www.theplancollection.com/house-plans/plan-3063-square-feet-3-bedroom-2-5-bathroom-rustic-style-32088","https://www.theplancollection.com/_next/image?url=https%3A%2F%2Fwww.theplancollection.com%2FUpload%2FDesigners%2F161%2F1134%2FPlan1611134Image_17_8_2022_943_26.jpg&w=1920&q=100
https://www.theplancollection.com/_next/image?url=https%3A%2F%2Fwww.theplancollection.com%2FUpload%2FDesigners%2F161%2F1134%2FPlan1611134Image_17_8_2022_944_5.jpg&w=1920&q=100
https://www.theplancollection.com/_next/image?url=https%3A%2F%2Fwww.theplancollection.com%2FUpload%2FDesigners%2F161%2F1134%2FORIGINAL%20The%20Carlson%20Creek%20Lower%20Floor%20Mrktg.jpg&w=1920&q=100"
"1778040302-34","https://www.theplancollection.com/collections/one-story-house-plans","","#142-1204","2373","$1445","Plan","Sq Ft","Story","Bed","Starting at","Bath","Car",".5","1","4","2","2","https://www.theplancollection.com/_next/image?url=https%3A%2F%2Fwww.theplancollection.com%2FUpload%2FDesigners%2F142%2F1204%2FPlan1421204MainImage_27_4_2022_11.jpg&w=1920&q=100","https://www.theplancollection.com/_next/image?url=%2FIcon_-_Flip-SVG.svg&w=48&q=75","https://www.theplancollection.com/_next/image?url=%2FIcon_-_Fav-SVG.svg&w=48&q=75","","https://www.theplancollection.com/house-plans/home-plan-30996","https://www.theplancollection.com/_next/image?url=https%3A%2F%2Fwww.theplancollection.com%2FUpload%2FDesigners%2F142%2F1204%2FPlan1421204Image_4_12_2018_123_14.jpg&w=1920&q=100
https://www.theplancollection.com/_next/image?url=https%3A%2F%2Fwww.theplancollection.com%2FUpload%2FDesigners%2F142%2F1204%2FPlan1421204Image_4_12_2018_122_56.jpg&w=1920&q=100"
"1778040306-35","https://www.theplancollection.com/collections/one-story-house-plans","","#142-1213","2358","$1445","Plan","Sq Ft","Story","Bed","Starting at","Bath","Car",".5","1","3","3","2","https://www.theplancollection.com/_next/image?url=https%3A%2F%2Fwww.theplancollection.com%2FUpload%2FDesigners%2F142%2F1213%2FPlan1421213MainImage_18_10_2024_11.jpg&w=1920&q=100","https://www.theplancollection.com/_next/image?url=%2FIcon_-_Flip-SVG.svg&w=48&q=75","https://www.theplancollection.com/_next/image?url=%2FIcon_-_Fav-SVG.svg&w=48&q=75","","https://www.theplancollection.com/house-plans/home-plan-31454","https://www.theplancollection.com/_next/image?url=https%3A%2F%2Fwww.theplancollection.com%2FUpload%2FDesigners%2F142%2F1213%2FPlan1421213Image_18_10_2024_1149_16.jpeg&w=1920&q=100
https://www.theplancollection.com/_next/image?url=https%3A%2F%2Fwww.theplancollection.com%2FUpload%2FDesigners%2F142%2F1213%2FPlan1421213Image_18_10_2024_1154_10.jpeg&w=1920&q=100
https://www.theplancollection.com/_next/image?url=https%3A%2F%2Fwww.theplancollection.com%2FUpload%2FDesigners%2F142%2F1213%2FPlan1421213Image_18_10_2024_1150_3.jpeg&w=1920&q=100"
"1778040310-36","https://www.theplancollection.com/collections/one-story-house-plans","","#206-1035","2716","$1345","Plan","Sq Ft","Story","Bed","Starting at","Bath","Car","","1","4","3","3","https://www.theplancollection.com/_next/image?url=https%3A%2F%2Fwww.theplancollection.com%2FUpload%2FDesigners%2F206%2F1035%2FPlan2061035MainImage_9_1_2021_0.jpg&w=1920&q=100","https://www.theplancollection.com/_next/image?url=%2FIcon_-_Flip-SVG.svg&w=48&q=75","https://www.theplancollection.com/_next/image?url=%2FIcon_-_Fav-SVG.svg&w=48&q=75","","https://www.theplancollection.com/house-plans/plan-2716-square-feet-4-bedroom-3-bathroom-modern-farmhouse-style-32249","https://www.theplancollection.com/_next/image?url=https%3A%2F%2Fwww.theplancollection.com%2FUpload%2FDesigners%2F206%2F1035%2FPlan2061035Image_9_1_2021_118_36.jpg&w=1920&q=100
https://www.theplancollection.com/_next/image?url=https%3A%2F%2Fwww.theplancollection.com%2FUpload%2FDesigners%2F206%2F1035%2FPlan2061035Image_11_5_2021_133_13.jpg&w=1920&q=100
https://www.theplancollection.com/_next/image?url=https%3A%2F%2Fwww.theplancollection.com%2FUpload%2FDesigners%2F206%2F1035%2FPlan2061035Image_9_1_2021_112_11.jpg&w=1920&q=100"
"1778040314-37","https://www.theplancollection.com/collections/one-story-house-plans","","#123-1100","1311","$990","Plan","Sq Ft","Story","Bed","Starting at","Bath","Car","","1","3","2","0","https://www.theplancollection.com/_next/image?url=https%3A%2F%2Fwww.theplancollection.com%2FUpload%2FDesigners%2F123%2F1100%2FPlan1231100MainImage_10_10_2024_13.png&w=1920&q=100","https://www.theplancollection.com/_next/image?url=%2FIcon_-_Flip-SVG.svg&w=48&q=75","https://www.theplancollection.com/_next/image?url=%2FIcon_-_Fav-SVG.svg&w=48&q=75","","https://www.theplancollection.com/house-plans/home-plan-31432","https://www.theplancollection.com/_next/image?url=https%3A%2F%2Fwww.theplancollection.com%2FUpload%2FDesigners%2F123%2F1100%2FPlan1231100Image_10_7_2019_1959_6.jpg&w=1920&q=100
https://www.theplancollection.com/_next/image?url=https%3A%2F%2Fwww.theplancollection.com%2FUpload%2FDesigners%2F123%2F1100%2FPlan1231100Image_20_1_2022_945_19.jpg&w=1920&q=100
https://www.theplancollection.com/_next/image?url=https%3A%2F%2Fwww.theplancollection.com%2FUpload%2FDesigners%2F123%2F1100%2FPlan1231100Image_20_1_2022_945_52.jpg&w=1920&q=100"
"1778040318-38","https://www.theplancollection.com/collections/one-story-house-plans","","#141-1324","872","$900","Plan","Sq Ft","Story","Bed","Starting at","Bath","Car",".5","1","1","1","0","https://www.theplancollection.com/_next/image?url=https%3A%2F%2Fwww.theplancollection.com%2FUpload%2FDesigners%2F141%2F1324%2FPlan1411324MainImage_3_4_2021_3.jpg&w=1920&q=100","https://www.theplancollection.com/_next/image?url=%2FIcon_-_Flip-SVG.svg&w=48&q=75","https://www.theplancollection.com/_next/image?url=%2FIcon_-_Fav-SVG.svg&w=48&q=75","","https://www.theplancollection.com/house-plans/plan-872-square-feet-1-bedroom-1-5-bathroom-small-house-plans-style-32514","https://www.theplancollection.com/_next/image?url=https%3A%2F%2Fwww.theplancollection.com%2FUpload%2FDesigners%2F141%2F1324%2FPlan1411324Image_3_4_2021_328_28.jpg&w=1920&q=100"
"1778040321-39","https://www.theplancollection.com/collections/one-story-house-plans","","#117-1139","1988","$1295","Plan","Sq Ft","Story","Bed","Starting at","Bath","Car",".5","1","3","2","2","https://www.theplancollection.com/_next/image?url=https%3A%2F%2Fwww.theplancollection.com%2FUpload%2FDesigners%2F117%2F1139%2FPlan1171139MainImage_25_8_2025_12.jpg&w=1920&q=100","https://www.theplancollection.com/_next/image?url=%2FIcon_-_Flip-SVG.svg&w=48&q=75","https://www.theplancollection.com/_next/image?url=%2FIcon_-_Fav-SVG.svg&w=48&q=75","","https://www.theplancollection.com/house-plans/home-plan-31743","https://www.theplancollection.com/_next/image?url=https%3A%2F%2Fwww.theplancollection.com%2FUpload%2FDesigners%2F117%2F1139%2FPlan1171139Image_20_12_2019_1136_13.jpg&w=1920&q=100
https://www.theplancollection.com/_next/image?url=https%3A%2F%2Fwww.theplancollection.com%2FUpload%2FDesigners%2F117%2F1139%2FPlan1171139Image_20_12_2019_1136_44.jpg&w=1920&q=100"
"1778040324-40","https://www.theplancollection.com/collections/one-story-house-plans","","#206-1045","1924","$1245","Plan","Sq Ft","Story","Bed","Starting at","Bath","Car",".5","1","3","2","2","https://www.theplancollection.com/_next/image?url=https%3A%2F%2Fwww.theplancollection.com%2FUpload%2FDesigners%2F206%2F1045%2FPlan2061045MainImage_3_4_2021_1.jpg&w=1920&q=100","https://www.theplancollection.com/_next/image?url=%2FIcon_-_Flip-SVG.svg&w=48&q=75","https://www.theplancollection.com/_next/image?url=%2FIcon_-_Fav-SVG.svg&w=48&q=75","","https://www.theplancollection.com/house-plans/plan-1924-square-feet-3-bedroom-2-5-bathroom-ranch-style-32512","https://www.theplancollection.com/_next/image?url=https%3A%2F%2Fwww.theplancollection.com%2FUpload%2FDesigners%2F206%2F1045%2FPlan2061045Image_3_4_2021_22_56.jpg&w=1920&q=100
https://www.theplancollection.com/_next/image?url=https%3A%2F%2Fwww.theplancollection.com%2FUpload%2FDesigners%2F206%2F1045%2FPlan2061045Image_12_5_2021_140_31.jpg&w=1920&q=100"
"1778040327-41","https://www.theplancollection.com/collections/one-story-house-plans","","#142-1242","2454","$1445","Plan","Sq Ft","Story","Bed","Starting at","Bath","Car",".5","1","3","2","3","https://www.theplancollection.com/_next/image?url=https%3A%2F%2Fwww.theplancollection.com%2FUpload%2FDesigners%2F142%2F1242%2FPlan1421242MainImage_11_5_2020_4.jpg&w=1920&q=100","https://www.theplancollection.com/_next/image?url=%2FIcon_-_Flip-SVG.svg&w=48&q=75","https://www.theplancollection.com/_next/image?url=%2FIcon_-_Fav-SVG.svg&w=48&q=75","","https://www.theplancollection.com/house-plans/home-plan-31885","https://www.theplancollection.com/_next/image?url=https%3A%2F%2Fwww.theplancollection.com%2FUpload%2FDesigners%2F142%2F1242%2FPlan1421242Image_11_5_2020_443_43.jpg&w=1920&q=100
https://www.theplancollection.com/_next/image?url=https%3A%2F%2Fwww.theplancollection.com%2FUpload%2FDesigners%2F142%2F1242%2FPlan1421242Image_3_1_2024_1346_15.jpeg&w=1920&q=100"
"1778040331-42","https://www.theplancollection.com/collections/one-story-house-plans","","#142-1271","1459","$1345","Plan","Sq Ft","Story","Bed","Starting at","Bath","Car","","1","3","2","2","https://www.theplancollection.com/_next/image?url=https%3A%2F%2Fwww.theplancollection.com%2FUpload%2FDesigners%2F142%2F1271%2FPlan1421271MainImage_6_8_2021_22.jpg&w=1920&q=100","https://www.theplancollection.com/_next/image?url=%2FIcon_-_Flip-SVG.svg&w=48&q=75","https://www.theplancollection.com/_next/image?url=%2FIcon_-_Fav-SVG.svg&w=48&q=75","","https://www.theplancollection.com/house-plans/plan-1459-square-feet-3-bedroom-2-bathroom-ranch-style-32713","https://www.theplancollection.com/_next/image?url=https%3A%2F%2Fwww.theplancollection.com%2FUpload%2FDesigners%2F142%2F1271%2FPlan1421271Image_6_8_2021_234_25.jpg&w=1920&q=100
https://www.theplancollection.com/_next/image?url=https%3A%2F%2Fwww.theplancollection.com%2FUpload%2FDesigners%2F142%2F1271%2FPlan1421271Image_6_8_2021_233_58.jpg&w=1920&q=100"
"1778040335-43","https://www.theplancollection.com/collections/one-story-house-plans","","#206-1020","3585","$1625","Plan","Sq Ft","Story","Bed","Starting at","Bath","Car",".5","1","4","3","3","https://www.theplancollection.com/_next/image?url=https%3A%2F%2Fwww.theplancollection.com%2FUpload%2FDesigners%2F206%2F1020%2FPlan2061020MainImage_20_6_2020_4.jpg&w=1920&q=100","https://www.theplancollection.com/_next/image?url=%2FIcon_-_Flip-SVG.svg&w=48&q=75","https://www.theplancollection.com/_next/image?url=%2FIcon_-_Fav-SVG.svg&w=48&q=75","","https://www.theplancollection.com/house-plans/home-plan-31953","https://www.theplancollection.com/_next/image?url=https%3A%2F%2Fwww.theplancollection.com%2FUpload%2FDesigners%2F206%2F1020%2FPlan2061020Image_20_6_2020_52_54.jpg&w=1920&q=100
https://www.theplancollection.com/_next/image?url=https%3A%2F%2Fwww.theplancollection.com%2FUpload%2FDesigners%2F206%2F1020%2FPlan2061020Image_11_11_2020_914_2.jpg&w=1920&q=100
https://www.theplancollection.com/_next/image?url=https%3A%2F%2Fwww.theplancollection.com%2FUpload%2FDesigners%2F206%2F1020%2FPlan2061020Image_20_6_2020_511_5.jpg&w=1920&q=100"
"1778040338-44","https://www.theplancollection.com/collections/one-story-house-plans","","#142-1221","1292","$1345","Plan","Sq Ft","Story","Bed","Starting at","Bath","Car","","1","3","2","1","https://www.theplancollection.com/_next/image?url=https%3A%2F%2Fwww.theplancollection.com%2FUpload%2FDesigners%2F142%2F1221%2FPlan1421221MainImage_6_11_2019_8.jpg&w=1920&q=100","https://www.theplancollection.com/_next/image?url=%2FIcon_-_Flip-SVG.svg&w=48&q=75","https://www.theplancollection.com/_next/image?url=%2FIcon_-_Fav-SVG.svg&w=48&q=75","","https://www.theplancollection.com/house-plans/plan-1292-square-feet-3-bedroom-2-bathroom-ranch-style-31611","https://www.theplancollection.com/_next/image?url=https%3A%2F%2Fwww.theplancollection.com%2FUpload%2FDesigners%2F142%2F1221%2FPlan1421221Image_6_11_2019_90_18.jpg&w=1920&q=100
https://www.theplancollection.com/_next/image?url=https%3A%2F%2Fwww.theplancollection.com%2FUpload%2FDesigners%2F142%2F1221%2FPlan1421221Image_9_9_2024_137_23.jpg&w=1920&q=100"
"1778040342-45","https://www.theplancollection.com/collections/one-story-house-plans","","#142-1265","1448","$1345","Plan","Sq Ft","Story","Bed","Starting at","Bath","Car","","1","2","2","1","https://www.theplancollection.com/_next/image?url=https%3A%2F%2Fwww.theplancollection.com%2FUpload%2FDesigners%2F142%2F1265%2FPlan1421265MainImage_1_5_2026_11.jpg&w=1920&q=100","https://www.theplancollection.com/_next/image?url=%2FIcon_-_Flip-SVG.svg&w=48&q=75","https://www.theplancollection.com/_next/image?url=%2FIcon_-_Fav-SVG.svg&w=48&q=75","","https://www.theplancollection.com/house-plans/plan-1448-square-feet-2-bedroom-2-bathroom-small-house-plans-style-32578","https://www.theplancollection.com/_next/image?url=https%3A%2F%2Fwww.theplancollection.com%2FUpload%2FDesigners%2F142%2F1265%2FPlan1421265Image_12_6_2021_250_47.jpg&w=1920&q=100
https://www.theplancollection.com/_next/image?url=https%3A%2F%2Fwww.theplancollection.com%2FUpload%2FDesigners%2F142%2F1265%2FPlan1421265Image_12_6_2021_246_7.jpg&w=1920&q=100
https://www.theplancollection.com/_next/image?url=https%3A%2F%2Fwww.theplancollection.com%2FUpload%2FDesigners%2F142%2F1265%2FPlan1421265Image_12_6_2021_247_17.jpg&w=1920&q=100"
